{
  "submitted_at_ist": " 2025-08-27T11:18:25",
  "kpi": {
    "delivered_percent": 28.160919540229884,
    "rto_percent": 18.333333333333332,
    "orders_at_risk": 26,
    "drr": 2.142857142857143
  },
  "rules_thresholds": {
    "delivered_percent": 85,
    "rto_percent": 8,
    "orders_at_risk": 20
  },
  "rules_triggers": []
}